bd0sv2sffpfoeqoohqfocpna5v	google	247	render	2014-10-05 01:43:43.131
bd0sv2sffpfoeqoohqfocpna5v	google	249	render	2014-10-05 01:43:43.135
bd0sv2sffpfoeqoohqfocpna5v	google	250	render	2014-10-05 01:43:43.137
bd0sv2sffpfoeqoohqfocpna5v	google	248	render	2014-10-05 01:43:43.14
bd0sv2sffpfoeqoohqfocpna5v	google	519	render	2014-10-05 01:43:43.142
bd0sv2sffpfoeqoohqfocpna5v	google	326	render	2014-10-05 01:43:43.144
bd0sv2sffpfoeqoohqfocpna5v	google	433	render	2014-10-05 01:43:43.146
bd0sv2sffpfoeqoohqfocpna5v	google	420	render	2014-10-05 01:43:43.148
bd0sv2sffpfoeqoohqfocpna5v	google	225	render	2014-10-05 01:43:43.15
bd0sv2sffpfoeqoohqfocpna5v	google	98	render	2014-10-05 01:43:43.152
bd0sv2sffpfoeqoohqfocpna5v	google	247	render	2014-10-05 01:43:48.925
bd0sv2sffpfoeqoohqfocpna5v	google	249	render	2014-10-05 01:43:48.93
bd0sv2sffpfoeqoohqfocpna5v	google	250	render	2014-10-05 01:43:48.933
bd0sv2sffpfoeqoohqfocpna5v	google	248	render	2014-10-05 01:43:48.935
bd0sv2sffpfoeqoohqfocpna5v	google	519	render	2014-10-05 01:43:48.938
bd0sv2sffpfoeqoohqfocpna5v	google	326	render	2014-10-05 01:43:48.939
bd0sv2sffpfoeqoohqfocpna5v	google	433	render	2014-10-05 01:43:48.941
bd0sv2sffpfoeqoohqfocpna5v	google	420	render	2014-10-05 01:43:48.945
bd0sv2sffpfoeqoohqfocpna5v	google	225	render	2014-10-05 01:43:48.946
bd0sv2sffpfoeqoohqfocpna5v	google	98	render	2014-10-05 01:43:48.948
bd0sv2sffpfoeqoohqfocpna5v	google	247	render	2014-10-05 01:45:59.828
bd0sv2sffpfoeqoohqfocpna5v	google	249	render	2014-10-05 01:45:59.832
bd0sv2sffpfoeqoohqfocpna5v	google	250	render	2014-10-05 01:45:59.834
bd0sv2sffpfoeqoohqfocpna5v	google	248	render	2014-10-05 01:45:59.836
bd0sv2sffpfoeqoohqfocpna5v	google	519	render	2014-10-05 01:45:59.839
bd0sv2sffpfoeqoohqfocpna5v	google	326	render	2014-10-05 01:45:59.842
bd0sv2sffpfoeqoohqfocpna5v	google	225	render	2014-10-05 01:45:59.86
bd0sv2sffpfoeqoohqfocpna5v	google	433	render	2014-10-05 01:45:59.862
bd0sv2sffpfoeqoohqfocpna5v	google	420	render	2014-10-05 01:45:59.862
bd0sv2sffpfoeqoohqfocpna5v	google	98	render	2014-10-05 01:45:59.872
bd0sv2sffpfoeqoohqfocpna5v	google	247	render	2014-10-05 01:46:23.357
bd0sv2sffpfoeqoohqfocpna5v	google	249	render	2014-10-05 01:46:23.36
bd0sv2sffpfoeqoohqfocpna5v	google	250	render	2014-10-05 01:46:23.363
bd0sv2sffpfoeqoohqfocpna5v	google	248	render	2014-10-05 01:46:23.365
bd0sv2sffpfoeqoohqfocpna5v	google	519	render	2014-10-05 01:46:23.368
bd0sv2sffpfoeqoohqfocpna5v	google	326	render	2014-10-05 01:46:23.37
bd0sv2sffpfoeqoohqfocpna5v	google	433	render	2014-10-05 01:46:23.381
bd0sv2sffpfoeqoohqfocpna5v	google	420	render	2014-10-05 01:46:23.384
bd0sv2sffpfoeqoohqfocpna5v	google	225	render	2014-10-05 01:46:23.385
bd0sv2sffpfoeqoohqfocpna5v	google	98	render	2014-10-05 01:46:23.387
bd0sv2sffpfoeqoohqfocpna5v	google	247	render	2014-10-05 01:46:27.863
bd0sv2sffpfoeqoohqfocpna5v	google	249	render	2014-10-05 01:46:27.869
bd0sv2sffpfoeqoohqfocpna5v	google	250	render	2014-10-05 01:46:27.876
bd0sv2sffpfoeqoohqfocpna5v	google	248	render	2014-10-05 01:46:27.876
bd0sv2sffpfoeqoohqfocpna5v	google	519	render	2014-10-05 01:46:27.881
bd0sv2sffpfoeqoohqfocpna5v	google	326	render	2014-10-05 01:46:27.884
bd0sv2sffpfoeqoohqfocpna5v	google	433	render	2014-10-05 01:46:27.888
bd0sv2sffpfoeqoohqfocpna5v	google	420	render	2014-10-05 01:46:27.894
bd0sv2sffpfoeqoohqfocpna5v	google	225	render	2014-10-05 01:46:27.894
bd0sv2sffpfoeqoohqfocpna5v	google	98	render	2014-10-05 01:46:27.896
bd0sv2sffpfoeqoohqfocpna5v	google	247	render	2014-10-05 02:29:23.933
bd0sv2sffpfoeqoohqfocpna5v	google	249	render	2014-10-05 02:29:23.938
bd0sv2sffpfoeqoohqfocpna5v	google	250	render	2014-10-05 02:29:23.942
bd0sv2sffpfoeqoohqfocpna5v	google	248	render	2014-10-05 02:29:23.946
bd0sv2sffpfoeqoohqfocpna5v	google	519	render	2014-10-05 02:29:23.948
bd0sv2sffpfoeqoohqfocpna5v	google	326	render	2014-10-05 02:29:23.95
bd0sv2sffpfoeqoohqfocpna5v	google	433	render	2014-10-05 02:29:23.954
bd0sv2sffpfoeqoohqfocpna5v	google	420	render	2014-10-05 02:29:23.961
bd0sv2sffpfoeqoohqfocpna5v	google	225	render	2014-10-05 02:29:23.97
bd0sv2sffpfoeqoohqfocpna5v	google	98	render	2014-10-05 02:29:23.97
bd0sv2sffpfoeqoohqfocpna5v	google	247	click	2014-10-05 02:29:31.609
